Team,Season,Place
Juventus,1934,1
Inter,1934,2
ACF Fiorentina,1934,3
AS Roma,1934,4
Lazio Roma,1934,5
US Alessandria 1912,1934,6
Bologna FC,1934,7
SSC Napoli,1934,8
US Palermo,1934,9
Unione Triestina,1934,10
Brescia Calcio,1934,11
AC Milan,1934,12
Sampierdarenese,1934,13
Torino FC,1934,14
US Livorno,1934,15
Pro Vercelli,1934,16
Bologna FC,1935,1
AS Roma,1935,2
Torino FC,1935,3
Inter,1935,4
Juventus,1935,5
Unione Triestina,1935,6
Lazio Roma,1935,7
SSC Napoli,1935,8
AC Milan,1935,9
US Alessandria 1912,1935,10
ACF Fiorentina,1935,11
Sampierdarenese,1935,12
Genova 1893 Circolo del Calcio,1935,13
US Palermo,1935,14
AS Bari,1935,15
Brescia Calcio,1935,16
Bologna FC,1936,1
Lazio Roma,1936,2
Torino FC,1936,3
AC Milan,1936,4
Juventus,1936,5
Genova 1893 Circolo del Calcio,1936,6
Lucchese,1936,7
Inter,1936,8
ACF Fiorentina,1936,9
AS Roma,1936,10
AS Bari,1936,11
Unione Triestina,1936,12
SSC Napoli,1936,13
Novara Calcio,1936,14
Sampierdarenese,1936,15
US Alessandria 1912,1936,16
Inter,1937,1
Juventus,1937,2
Genova 1893 Circolo del Calcio,1937,3
Bologna FC,1937,4
AC Milan,1937,5
AS Roma,1937,6
Unione Triestina,1937,7
Torino FC,1937,8
Lazio Roma,1937,9
SSC Napoli,1937,10
AC Liguria,1937,11
US Livorno,1937,12
AS Bari,1937,13
Lucchese,1937,14
Atalanta,1937,15
ACF Fiorentina,1937,16
Bologna FC,1938,1
Torino FC,1938,2
Inter,1938,3
Genova 1893 Circolo del Calcio,1938,4
AS Roma,1938,5
AC Liguria,1938,6
SSC Napoli,1938,7
Lazio Roma,1938,8
AC Milan,1938,9
Juventus,1938,10
AS Bari,1938,11
Novara Calcio,1938,12
Modena FC,1938,13
US Livorno,1938,14
Unione Triestina,1938,15
Lucchese,1938,16
Inter,1939,1
Bologna FC,1939,2
Juventus,1939,3
Genova 1893 Circolo del Calcio,1939,4
Lazio Roma,1939,5
Torino FC,1939,6
AS Roma,1939,7
Novara Calcio,1939,8
AC Milan,1939,9
AC Venezia,1939,10
Unione Triestina,1939,11
AS Bari,1939,12
ACF Fiorentina,1939,13
SSC Napoli,1939,14
AC Liguria,1939,15
Modena FC,1939,16
Bologna FC,1940,1
Inter,1940,2
ACF Fiorentina,1940,3
AC Milan,1940,4
Juventus,1940,5
Atalanta,1940,6
Torino FC,1940,7
SSC Napoli,1940,8
Genova 1893 Circolo del Calcio,1940,9
Unione Triestina,1940,10
AS Roma,1940,11
US Livorno,1940,12
AC Venezia,1940,13
Novara Calcio,1940,14
Lazio Roma,1940,15
AS Bari,1940,16
AS Roma,1941,1
Torino FC,1941,2
AC Venezia,1941,3
Lazio Roma,1941,4
Genova 1893 Circolo del Calcio,1941,5
Juventus,1941,6
Bologna FC,1941,7
ACF Fiorentina,1941,8
AC Milan,1941,9
AC Liguria,1941,10
Unione Triestina,1941,11
US Livorno,1941,12
Inter,1941,13
Atalanta,1941,14
SSC Napoli,1941,15
Modena FC,1941,16
Torino FC,1942,1
US Livorno,1942,2
Juventus,1942,3
Inter,1942,4
Genova 1893 Circolo del Calcio,1942,5
Bologna FC,1942,6
ACF Fiorentina,1942,7
AS Roma,1942,8
Atalanta,1942,9
AC Milan,1942,10
Lazio Roma,1942,11
Vicenza Calcio,1942,12
AC Venezia,1942,13
AS Bari,1942,14
Unione Triestina,1942,15
AC Liguria,1942,16
AC Milan,1967,1
SSC Napoli,1967,2
Juventus,1967,3
ACF Fiorentina,1967,4
Inter,1967,5
Bologna FC,1967,6
Torino FC,1967,7
AS Varese 1910,1967,8
Cagliari Calcio,1967,9
Atalanta,1967,10
AS Roma,1967,11
Sampdoria,1967,12
Lanerossi Vicenza,1967,13
SPAL 1907 Ferrara,1967,14
Brescia Calcio,1967,15
AC Mantova,1967,16
ACF Fiorentina,1968,1
Cagliari Calcio,1968,2
AC Milan,1968,3
Inter,1968,4
Juventus,1968,5
Torino FC,1968,6
SSC Napoli,1968,7
AS Roma,1968,8
Bologna FC,1968,9
Hellas Verona,1968,10
US Palermo,1968,11
Lanerossi Vicenza,1968,12
Sampdoria,1968,13
AS Varese 1910,1968,14
Pisa SC,1968,15
Atalanta,1968,16
Cagliari Calcio,1969,1
Inter,1969,2
Juventus,1969,3
ACF Fiorentina,1969,4
AC Milan,1969,5
SSC Napoli,1969,6
Torino FC,1969,7
Lazio Roma,1969,8
Lanerossi Vicenza,1969,9
AS Roma,1969,10
Bologna FC,1969,11
Hellas Verona,1969,12
Sampdoria,1969,13
Brescia Calcio,1969,14
US Palermo,1969,15
AS Bari,1969,16
Inter,1970,1
AC Milan,1970,2
SSC Napoli,1970,3
Juventus,1970,4
Bologna FC,1970,5
AS Roma,1970,6
Cagliari Calcio,1970,7
Hellas Verona,1970,8
Lanerossi Vicenza,1970,9
Torino FC,1970,10
Sampdoria,1970,11
AS Varese 1910,1970,12
US Foggia,1970,13
ACF Fiorentina,1970,14
Lazio Roma,1970,15
Calcio Catania,1970,16
Juventus,1971,1
Torino FC,1971,2
AC Milan,1971,3
Cagliari Calcio,1971,4
Inter,1971,5
ACF Fiorentina,1971,6
AS Roma,1971,7
Sampdoria,1971,8
Atalanta,1971,9
SSC Napoli,1971,10
Bologna FC,1971,11
Lanerossi Vicenza,1971,12
AC Mantova,1971,13
Hellas Verona,1971,14
US Catanzaro,1971,15
AS Varese 1910,1971,16
Juventus,1972,1
AC Milan,1972,2
Lazio Roma,1972,3
ACF Fiorentina,1972,4
Inter,1972,5
Torino FC,1972,6
Bologna FC,1972,7
Cagliari Calcio,1972,8
SSC Napoli,1972,9
Hellas Verona,1972,10
Lanerossi Vicenza,1972,11
AS Roma,1972,12
Sampdoria,1972,13
Atalanta,1972,14
US Palermo,1972,15
Ternana Calcio,1972,16
Lazio Roma,1973,1
Juventus,1973,2
SSC Napoli,1973,3
Inter,1973,4
Torino FC,1973,5
ACF Fiorentina,1973,6
AC Milan,1973,7
AS Roma,1973,8
Bologna FC,1973,9
Cagliari Calcio,1973,10
AC Cesena,1973,11
Hellas Verona,1973,12
Lanerossi Vicenza,1973,13
US Foggia,1973,14
Sampdoria,1973,15
Genoa CFC,1973,16
Juventus,1974,1
SSC Napoli,1974,2
AS Roma,1974,3
Lazio Roma,1974,4
AC Milan,1974,5
Torino FC,1974,6
Bologna FC,1974,7
Inter,1974,8
ACF Fiorentina,1974,9
Cagliari Calcio,1974,10
AC Cesena,1974,11
Ascoli Calcio,1974,12
Sampdoria,1974,13
Lanerossi Vicenza,1974,14
Ternana Calcio,1974,15
AS Varese 1910,1974,16
Torino FC,1975,1
Juventus,1975,2
AC Milan,1975,3
Inter,1975,4
SSC Napoli,1975,5
Bologna FC,1975,6
AC Cesena,1975,7
AC Perugia,1975,8
ACF Fiorentina,1975,9
Hellas Verona,1975,10
Sampdoria,1975,11
AS Roma,1975,12
Lazio Roma,1975,13
Ascoli Calcio,1975,14
Como Calcio,1975,15
Cagliari Calcio,1975,16
Juventus,1976,1
Torino FC,1976,2
ACF Fiorentina,1976,3
Inter,1976,4
Lazio Roma,1976,5
AC Perugia,1976,6
SSC Napoli,1976,7
AS Roma,1976,8
US Foggia,1976,9
Hellas Verona,1976,10
Genoa CFC,1976,11
Bologna FC,1976,12
AC Milan,1976,13
Sampdoria,1976,14
US Catanzaro,1976,15
AC Cesena,1976,16
Juventus,1977,1
Lanerossi Vicenza,1977,2
Torino FC,1977,3
AC Milan,1977,4
Inter,1977,5
AC Perugia,1977,6
SSC Napoli,1977,7
AS Roma,1977,8
Lazio Roma,1977,9
Atalanta,1977,10
Bologna FC,1977,11
US Foggia,1977,12
Hellas Verona,1977,13
ACF Fiorentina,1977,14
Genoa CFC,1977,15
Pescara Calcio,1977,16
AC Milan,1978,1
AC Perugia,1978,2
Juventus,1978,3
Torino FC,1978,4
Inter,1978,5
ACF Fiorentina,1978,6
SSC Napoli,1978,7
Lazio Roma,1978,8
US Catanzaro,1978,9
AS Roma,1978,10
Ascoli Calcio,1978,11
US Avellino,1978,12
Atalanta,1978,13
Lanerossi Vicenza,1978,14
Bologna FC,1978,15
Hellas Verona,1978,16
Inter,1979,1
Juventus,1979,2
AC Milan,1979,3
Torino FC,1979,4
Ascoli Calcio,1979,5
ACF Fiorentina,1979,6
AS Roma,1979,7
AC Perugia,1979,8
Cagliari Calcio,1979,9
Bologna FC,1979,10
SSC Napoli,1979,11
US Avellino,1979,12
Lazio Roma,1979,13
US Catanzaro,1979,14
Udinese Calcio,1979,15
Pescara Calcio,1979,16
Juventus,1980,1
AS Roma,1980,2
SSC Napoli,1980,3
Inter,1980,4
Bologna FC,1980,5
ACF Fiorentina,1980,6
US Avellino,1980,7
Cagliari Calcio,1980,8
US Catanzaro,1980,9
Torino FC,1980,10
Como Calcio,1980,11
Ascoli Calcio,1980,12
Udinese Calcio,1980,13
Brescia Calcio,1980,14
AC Perugia,1980,15
AC Pistoiese,1980,16
Juventus,1981,1
ACF Fiorentina,1981,2
AS Roma,1981,3
Inter,1981,4
SSC Napoli,1981,5
Ascoli Calcio,1981,6
US Catanzaro,1981,7
US Avellino,1981,8
Torino FC,1981,9
AC Cesena,1981,10
Udinese Calcio,1981,11
Cagliari Calcio,1981,12
AC Milan,1981,13
Genoa CFC,1981,14
Bologna FC,1981,15
Como Calcio,1981,16
AS Roma,1982,1
Juventus,1982,2
Inter,1982,3
ACF Fiorentina,1982,4
Hellas Verona,1982,5
Torino FC,1982,6
Sampdoria,1982,7
Udinese Calcio,1982,8
US Avellino,1982,9
Ascoli Calcio,1982,10
Pisa SC,1982,11
SSC Napoli,1982,12
Genoa CFC,1982,13
Cagliari Calcio,1982,14
AC Cesena,1982,15
US Catanzaro,1982,16
Juventus,1983,1
AS Roma,1983,2
ACF Fiorentina,1983,3
Inter,1983,4
Hellas Verona,1983,5
Torino FC,1983,6
Sampdoria,1983,7
AC Milan,1983,8
Udinese Calcio,1983,9
Ascoli Calcio,1983,10
US Avellino,1983,11
SSC Napoli,1983,12
Lazio Roma,1983,13
Genoa CFC,1983,14
Pisa SC,1983,15
Calcio Catania,1983,16
Hellas Verona,1984,1
Torino FC,1984,2
Inter,1984,3
Sampdoria,1984,4
AC Milan,1984,5
Juventus,1984,6
AS Roma,1984,7
SSC Napoli,1984,8
ACF Fiorentina,1984,9
Udinese Calcio,1984,10
Atalanta,1984,11
US Avellino,1984,12
Como Calcio,1984,13
Ascoli Calcio,1984,14
US Cremonese,1984,15
Lazio Roma,1984,16
Juventus,1985,1
AS Roma,1985,2
SSC Napoli,1985,3
Torino FC,1985,4
Inter,1985,5
ACF Fiorentina,1985,6
AC Milan,1985,7
Hellas Verona,1985,8
Atalanta,1985,9
Como Calcio,1985,10
US Avellino,1985,11
Sampdoria,1985,12
Udinese Calcio,1985,13
Pisa SC,1985,14
AS Bari,1985,15
US Lecce,1985,16
SSC Napoli,1986,1
Inter,1986,2
Juventus,1986,3
Sampdoria,1986,4
Hellas Verona,1986,5
AC Milan,1986,6
AS Roma,1986,7
US Avellino,1986,8
Torino FC,1986,9
ACF Fiorentina,1986,10
Empoli FC,1986,11
Como Calcio,1986,12
Ascoli Calcio,1986,13
Udinese Calcio,1986,14
Brescia Calcio,1986,15
Atalanta,1986,16
AC Milan,1987,1
SSC Napoli,1987,2
AS Roma,1987,3
Sampdoria,1987,4
Inter,1987,5
Juventus,1987,6
Torino FC,1987,7
ACF Fiorentina,1987,8
AC Cesena,1987,9
Pescara Calcio,1987,10
Hellas Verona,1987,11
Como Calcio,1987,12
Empoli FC,1987,13
Ascoli Calcio,1987,14
Pisa SC,1987,15
US Avellino,1987,16
Inter,1929,1
Genova 1893 Circolo del Calcio,1929,2
Juventus,1929,3
Torino FC,1929,4
AS Roma,1929,5
SSC Napoli,1929,6
Bologna FC,1929,7
US Alessandria 1912,1929,8
Brescia Calcio,1929,9
Pro Vercelli,1929,10
AC Milan,1929,11
Pro Patria,1929,12
Modena FC,1929,13
US Livorno,1929,14
Unione Triestina,1929,15
Lazio Roma,1929,16
Calcio Padova,1929,17
US Cremonese,1929,18
Juventus,1930,1
AS Roma,1930,2
Genova 1893 Circolo del Calcio,1930,3
Bologna FC,1930,4
SSC Napoli,1930,5
Inter,1930,6
Torino FC,1930,7
Lazio Roma,1930,8
Modena FC,1930,9
Brescia Calcio,1930,10
Pro Vercelli,1930,11
AC Milan,1930,12
US Alessandria 1912,1930,13
Unione Triestina,1930,14
Pro Patria,1930,15
Casale,1930,16
US Livorno,1930,17
Legnano,1930,18
Juventus,1931,1
Bologna FC,1931,2
AS Roma,1931,3
ACF Fiorentina,1931,4
AC Milan,1931,5
Inter,1931,6
US Alessandria 1912,1931,7
Torino FC,1931,8
SSC Napoli,1931,9
Genova 1893 Circolo del Calcio,1931,10
Pro Patria,1931,11
Casale,1931,12
Lazio Roma,1931,13
Pro Vercelli,1931,14
Unione Triestina,1931,15
AS Bari,1931,16
Brescia Calcio,1931,17
Modena FC,1931,18
Juventus,1932,1
Inter,1932,2
SSC Napoli,1932,3
Bologna FC,1932,4
ACF Fiorentina,1932,5
AS Roma,1932,6
Torino FC,1932,7
Unione Triestina,1932,8
Genova 1893 Circolo del Calcio,1932,9
Lazio Roma,1932,10
AC Milan,1932,11
Pro Vercelli,1932,12
US Palermo,1932,13
US Alessandria 1912,1932,14
Calcio Padova,1932,15
Casale,1932,16
AS Bari,1932,17
Pro Patria,1932,18
Juventus,1933,1
Inter,1933,2
SSC Napoli,1933,3
Bologna FC,1933,4
AS Roma,1933,5
ACF Fiorentina,1933,6
Pro Vercelli,1933,7
US Livorno,1933,8
AC Milan,1933,9
Lazio Roma,1933,10
US Alessandria 1912,1933,11
Torino FC,1933,12
Brescia Calcio,1933,13
Unione Triestina,1933,14
US Palermo,1933,15
Calcio Padova,1933,16
Genova 1893 Circolo del Calcio,1933,17
Casale,1933,18
Inter,1952,1
Juventus,1952,2
AC Milan,1952,3
SSC Napoli,1952,4
Bologna FC,1952,5
AS Roma,1952,6
ACF Fiorentina,1952,7
Lazio Roma,1952,8
Torino FC,1952,9
Atalanta,1952,10
Novara Calcio,1952,11
Udinese Calcio,1952,12
SPAL 1907 Ferrara,1952,13
Sampdoria,1952,14
Unione Triestina,1952,15
US Palermo,1952,16
Como Calcio,1952,17
Pro Patria,1952,18
Inter,1953,1
Juventus,1953,2
AC Milan,1953,3
ACF Fiorentina,1953,4
SSC Napoli,1953,5
Bologna FC,1953,6
AS Roma,1953,7
Sampdoria,1953,8
Torino FC,1953,9
Atalanta,1953,10
Lazio Roma,1953,11
Genoa CFC,1953,12
Unione Triestina,1953,13
Novara Calcio,1953,14
US Palermo,1953,15
SPAL 1907 Ferrara,1953,16
Udinese Calcio,1953,17
Legnano,1953,18
AC Milan,1954,1
Udinese Calcio,1954,2
Bologna FC,1954,3
AS Roma,1954,4
ACF Fiorentina,1954,5
SSC Napoli,1954,6
Juventus,1954,7
Inter,1954,8
Torino FC,1954,9
Sampdoria,1954,10
Lazio Roma,1954,11
Calcio Catania,1954,12
Genoa CFC,1954,13
Unione Triestina,1954,14
Novara Calcio,1954,15
Atalanta,1954,16
SPAL 1907 Ferrara,1954,17
Pro Patria,1954,18
ACF Fiorentina,1955,1
AC Milan,1955,2
Inter,1955,3
Lazio Roma,1955,4
Bologna FC,1955,5
Calcio Padova,1955,6
Sampdoria,1955,7
AS Roma,1955,8
Genoa CFC,1955,9
Torino FC,1955,10
SPAL 1907 Ferrara,1955,11
Lanerossi Vicenza,1955,12
Atalanta,1955,13
SSC Napoli,1955,14
Juventus,1955,15
Unione Triestina,1955,16
Novara Calcio,1955,17
Pro Patria,1955,18
AC Milan,1956,1
ACF Fiorentina,1956,2
Lazio Roma,1956,3
Udinese Calcio,1956,4
Torino FC,1956,5
Bologna FC,1956,6
Sampdoria,1956,7
SPAL 1907 Ferrara,1956,8
Inter,1956,9
Juventus,1956,10
SSC Napoli,1956,11
Lanerossi Vicenza,1956,12
AS Roma,1956,13
Calcio Padova,1956,14
Atalanta,1956,15
Genoa CFC,1956,16
Unione Triestina,1956,17
US Palermo,1956,18
Juventus,1957,1
ACF Fiorentina,1957,2
Calcio Padova,1957,3
SSC Napoli,1957,4
AS Roma,1957,5
Bologna FC,1957,6
Lanerossi Vicenza,1957,7
Torino FC,1957,8
Udinese Calcio,1957,9
Inter,1957,10
AC Milan,1957,11
SPAL 1907 Ferrara,1957,12
Lazio Roma,1957,13
US Alessandria 1912,1957,14
Genoa CFC,1957,15
Sampdoria,1957,16
Hellas Verona,1957,17
Atalanta,1957,18
AC Milan,1958,1
ACF Fiorentina,1958,2
Inter,1958,3
Juventus,1958,4
Sampdoria,1958,5
Calcio Padova,1958,6
AS Roma,1958,7
Lanerossi Vicenza,1958,8
SSC Napoli,1958,9
Bologna FC,1958,10
Genoa CFC,1958,11
Lazio Roma,1958,12
AS Bari,1958,13
US Alessandria 1912,1958,14
Udinese Calcio,1958,15
SPAL 1907 Ferrara,1958,16
Torino FC,1958,17
Unione Triestina,1958,18
Juventus,1959,1
ACF Fiorentina,1959,2
AC Milan,1959,3
Inter,1959,4
Calcio Padova,1959,5
Bologna FC,1959,6
SPAL 1907 Ferrara,1959,7
AS Roma,1959,8
Sampdoria,1959,9
Lanerossi Vicenza,1959,10
Atalanta,1959,11
Lazio Roma,1959,12
AS Bari,1959,13
SSC Napoli,1959,14
Udinese Calcio,1959,15
US Palermo,1959,16
US Alessandria 1912,1959,17
Genoa CFC,1959,18
Juventus,1960,1
AC Milan,1960,2
Inter,1960,3
Sampdoria,1960,4
AS Roma,1960,5
Calcio Padova,1960,6
Calcio Catania,1960,7
ACF Fiorentina,1960,8
Bologna FC,1960,9
Lanerossi Vicenza,1960,10
SPAL 1907 Ferrara,1960,11
Atalanta,1960,12
Torino FC,1960,13
Calcio Lecco 1912,1960,14
AS Bari,1960,15
Udinese Calcio,1960,16
SSC Napoli,1960,17
Lazio Roma,1960,18
AC Milan,1961,1
Inter,1961,2
ACF Fiorentina,1961,3
Bologna FC,1961,4
AS Roma,1961,5
Atalanta,1961,6
Torino FC,1961,7
US Palermo,1961,8
AC Mantova,1961,9
Calcio Catania,1961,10
Juventus,1961,11
Sampdoria,1961,12
AC Venezia,1961,13
SPAL 1907 Ferrara,1961,14
Lanerossi Vicenza,1961,15
Calcio Padova,1961,16
Calcio Lecco 1912,1961,17
Udinese Calcio,1961,18
Inter,1962,1
Juventus,1962,2
Bologna FC,1962,3
AC Milan,1962,4
AS Roma,1962,5
ACF Fiorentina,1962,6
Lanerossi Vicenza,1962,7
Torino FC,1962,8
Atalanta,1962,9
SPAL 1907 Ferrara,1962,10
Sampdoria,1962,11
Modena FC,1962,12
Calcio Catania,1962,13
AC Mantova,1962,14
Genoa CFC,1962,15
SSC Napoli,1962,16
AC Venezia,1962,17
US Palermo,1962,18
Inter,1963,1
Bologna FC,1963,2
AC Milan,1963,3
ACF Fiorentina,1963,4
Juventus,1963,5
Lanerossi Vicenza,1963,6
Torino FC,1963,7
Genoa CFC,1963,8
Calcio Catania,1963,9
Lazio Roma,1963,10
AS Roma,1963,11
Sampdoria,1963,12
Atalanta,1963,13
A.C.R. Messina,1963,14
AC Mantova,1963,15
Modena FC,1963,16
SPAL 1907 Ferrara,1963,17
AS Bari,1963,18
Inter,1964,1
AC Milan,1964,2
Torino FC,1964,3
ACF Fiorentina,1964,4
Juventus,1964,5
Cagliari Calcio,1964,6
Bologna FC,1964,7
Calcio Catania,1964,8
US Foggia,1964,9
Lanerossi Vicenza,1964,10
AS Roma,1964,11
AS Varese 1910,1964,12
Sampdoria,1964,13
Atalanta,1964,14
Lazio Roma,1964,15
Genoa CFC,1964,16
A.C.R. Messina,1964,17
AC Mantova,1964,18
Inter,1965,1
Bologna FC,1965,2
SSC Napoli,1965,3
ACF Fiorentina,1965,4
Juventus,1965,5
Lanerossi Vicenza,1965,6
AC Milan,1965,7
AS Roma,1965,8
Brescia Calcio,1965,9
Cagliari Calcio,1965,10
Torino FC,1965,11
Atalanta,1965,12
SPAL 1907 Ferrara,1965,13
Lazio Roma,1965,14
US Foggia,1965,15
Sampdoria,1965,16
Calcio Catania,1965,17
AS Varese 1910,1965,18
Juventus,1966,1
Inter,1966,2
Bologna FC,1966,3
SSC Napoli,1966,4
ACF Fiorentina,1966,5
Cagliari Calcio,1966,6
Torino FC,1966,7
AC Milan,1966,8
AS Roma,1966,9
AC Mantova,1966,10
Atalanta,1966,11
SPAL 1907 Ferrara,1966,12
Lanerossi Vicenza,1966,13
Brescia Calcio,1966,14
Lazio Roma,1966,15
US Foggia,1966,16
AC Venezia,1966,17
Calcio Lecco 1912,1966,18
Torino FC,1946,1
Juventus,1946,2
Modena FC,1946,3
AC Milan,1946,4
Bologna FC,1946,5
Vicenza Calcio,1946,6
SSC Napoli,1946,7
AS Bari,1946,8
Sampdoria,1946,9
Genoa CFC,1946,10
Atalanta,1946,11
Lazio Roma,1946,12
Inter,1946,13
US Alessandria 1912,1946,14
AS Roma,1946,15
US Livorno,1946,16
ACF Fiorentina,1946,17
Brescia Calcio,1946,18
AC Venezia,1946,19
Unione Triestina,1946,20
Torino FC,1948,1
Inter,1948,2
AC Milan,1948,3
Juventus,1948,4
Sampdoria,1948,5
Genoa CFC,1948,6
ACF Fiorentina,1948,7
Bologna FC,1948,8
Lucchese,1948,9
Unione Triestina,1948,10
US Palermo,1948,11
Calcio Padova,1948,12
Lazio Roma,1948,13
AS Roma,1948,14
Novara Calcio,1948,15
Atalanta,1948,16
Pro Patria,1948,17
AS Bari,1948,18
Modena FC,1948,19
US Livorno,1948,20
Juventus,1949,1
AC Milan,1949,2
Inter,1949,3
Lazio Roma,1949,4
ACF Fiorentina,1949,5
Torino FC,1949,6
Atalanta,1949,7
Como Calcio,1949,8
Unione Triestina,1949,9
Calcio Padova,1949,10
Genoa CFC,1949,11
Sampdoria,1949,12
US Palermo,1949,13
Pro Patria,1949,14
Lucchese,1949,15
AS Roma,1949,16
Novara Calcio,1949,17
Bologna FC,1949,18
AS Bari,1949,19
AC Venezia,1949,20
AC Milan,1950,1
Inter,1950,2
Juventus,1950,3
Lazio Roma,1950,4
ACF Fiorentina,1950,5
Como Calcio,1950,6
Bologna FC,1950,7
SSC Napoli,1950,8
US Palermo,1950,9
Pro Patria,1950,10
Novara Calcio,1950,11
Udinese Calcio,1950,12
Sampdoria,1950,13
Atalanta,1950,14
Lucchese,1950,15
Calcio Padova,1950,16
Unione Triestina,1950,17
Torino FC,1950,18
AS Roma,1950,19
Genoa CFC,1950,20
Juventus,1951,1
AC Milan,1951,2
Inter,1951,3
ACF Fiorentina,1951,4
SSC Napoli,1951,5
Lazio Roma,1951,6
Sampdoria,1951,7
Novara Calcio,1951,8
SPAL 1907 Ferrara,1951,9
Pro Patria,1951,10
Como Calcio,1951,11
Atalanta,1951,12
US Palermo,1951,13
Torino FC,1951,14
Udinese Calcio,1951,15
Bologna FC,1951,16
Unione Triestina,1951,17
Lucchese,1951,18
Calcio Padova,1951,19
Legnano,1951,20
Juventus,2004,1
AC Milan,2004,2
Inter,2004,3
Udinese Calcio,2004,4
Sampdoria,2004,5
US Palermo,2004,6
FC Messina,2004,7
AS Roma,2004,8
AS Livorno,2004,9
US Lecce,2004,10
Reggina Calcio,2004,11
Cagliari Calcio,2004,12
Lazio Roma,2004,13
AC Siena,2004,14
Chievo Verona,2004,15
ACF Fiorentina,2004,16
Bologna FC,2004,17
Parma FC,2004,18
Brescia Calcio,2004,19
Atalanta,2004,20
Juventus,2005,1
AC Milan,2005,2
Inter,2005,3
ACF Fiorentina,2005,4
AS Roma,2005,5
Lazio Roma,2005,6
Chievo Verona,2005,7
US Palermo,2005,8
AS Livorno,2005,9
Parma FC,2005,10
Empoli FC,2005,11
Ascoli Calcio,2005,12
Udinese Calcio,2005,13
Sampdoria,2005,14
Reggina Calcio,2005,15
Cagliari Calcio,2005,16
AC Siena,2005,17
FC Messina,2005,18
US Lecce,2005,19
Treviso FBC,2005,20
Inter,2006,1
AS Roma,2006,2
ACF Fiorentina,2006,3
AC Milan,2006,4
Lazio Roma,2006,5
US Palermo,2006,6
Empoli FC,2006,7
Reggina Calcio,2006,8
Atalanta,2006,9
Sampdoria,2006,10
Udinese Calcio,2006,11
AS Livorno,2006,12
Parma FC,2006,13
AC Siena,2006,14
Calcio Catania,2006,15
Torino FC,2006,16
Cagliari Calcio,2006,17
Chievo Verona,2006,18
Ascoli Calcio,2006,19
FC Messina,2006,20
Inter,2007,1
AS Roma,2007,2
Juventus,2007,3
ACF Fiorentina,2007,4
AC Milan,2007,5
Sampdoria,2007,6
Udinese Calcio,2007,7
SSC Napoli,2007,8
Atalanta,2007,9
Genoa CFC,2007,10
US Palermo,2007,11
Lazio Roma,2007,12
AC Siena,2007,13
Cagliari Calcio,2007,14
Torino FC,2007,15
Reggina Calcio,2007,16
Calcio Catania,2007,17
Empoli FC,2007,18
Parma FC,2007,19
AS Livorno,2007,20
Inter,2008,1
Juventus,2008,2
AC Milan,2008,3
ACF Fiorentina,2008,4
Genoa CFC,2008,5
AS Roma,2008,6
Udinese Calcio,2008,7
US Palermo,2008,8
Cagliari Calcio,2008,9
Lazio Roma,2008,10
Atalanta,2008,11
SSC Napoli,2008,12
Sampdoria,2008,13
AC Siena,2008,14
Calcio Catania,2008,15
Chievo Verona,2008,16
Bologna FC,2008,17
Torino FC,2008,18
Reggina Calcio,2008,19
US Lecce,2008,20
Inter,2009,1
AS Roma,2009,2
AC Milan,2009,3
Sampdoria,2009,4
US Palermo,2009,5
SSC Napoli,2009,6
Juventus,2009,7
Parma FC,2009,8
Genoa CFC,2009,9
AS Bari,2009,10
ACF Fiorentina,2009,11
Lazio Roma,2009,12
Calcio Catania,2009,13
Udinese Calcio,2009,14
Chievo Verona,2009,15
Cagliari Calcio,2009,16
Bologna FC,2009,17
Atalanta,2009,18
AC Siena,2009,19
AS Livorno,2009,20
AC Milan,2010,1
Inter,2010,2
SSC Napoli,2010,3
Udinese Calcio,2010,4
Lazio Roma,2010,5
AS Roma,2010,6
Juventus,2010,7
US Palermo,2010,8
ACF Fiorentina,2010,9
Genoa CFC,2010,10
Chievo Verona,2010,11
Parma FC,2010,12
Calcio Catania,2010,13
Cagliari Calcio,2010,14
Bologna FC,2010,15
AC Cesena,2010,16
US Lecce,2010,17
Sampdoria,2010,18
Brescia Calcio,2010,19
AS Bari,2010,20
Juventus,2011,1
AC Milan,2011,2
Udinese Calcio,2011,3
Lazio Roma,2011,4
SSC Napoli,2011,5
Inter,2011,6
AS Roma,2011,7
Parma FC,2011,8
Atalanta,2011,9
Bologna FC,2011,10
Chievo Verona,2011,11
Calcio Catania,2011,12
ACF Fiorentina,2011,13
AC Siena,2011,14
Cagliari Calcio,2011,15
US Palermo,2011,16
Genoa CFC,2011,17
US Lecce,2011,18
Novara Calcio,2011,19
AC Cesena,2011,20
Juventus,2012,1
SSC Napoli,2012,2
AC Milan,2012,3
ACF Fiorentina,2012,4
Udinese Calcio,2012,5
AS Roma,2012,6
Lazio Roma,2012,7
Calcio Catania,2012,8
Inter,2012,9
Parma FC,2012,10
Cagliari Calcio,2012,11
Chievo Verona,2012,12
Bologna FC,2012,13
Sampdoria,2012,14
Atalanta,2012,15
Torino FC,2012,16
Genoa CFC,2012,17
AC Siena,2012,18
US Palermo,2012,19
Pescara Calcio,2012,20
Juventus,2013,1
AS Roma,2013,2
SSC Napoli,2013,3
ACF Fiorentina,2013,4
Inter,2013,5
Parma FC,2013,6
Torino FC,2013,7
AC Milan,2013,8
Lazio Roma,2013,9
Hellas Verona,2013,10
Atalanta,2013,11
Sampdoria,2013,12
Udinese Calcio,2013,13
Genoa CFC,2013,14
Cagliari Calcio,2013,15
Chievo Verona,2013,16
Sassuolo Calcio,2013,17
Calcio Catania,2013,18
Bologna FC,2013,19
AS Livorno,2013,20
Torino FC,1945,1
Juventus,1945,2
Inter,1945,3
AC Milan,1945,4
SSC Napoli,1945,5
AS Roma,1945,6
US Livorno,1945,7
AS Bari,1945,8
Brescia Calcio,1945,9
Bologna FC,1945,10
Modena FC,1945,11
ACF Fiorentina,1945,12
Unione Triestina,1945,13
Andrea Doria,1945,14
Vicenza Calcio,1945,15
Atalanta,1945,16
Genoa CFC,1945,17
Pescara Calcio,1945,18
Lazio Roma,1945,19
US Palermo,1945,20
AC Venezia,1945,21
Salernitana Calcio 1919,1945,22
Sampierdarenese,1945,23
AC Siena,1945,24
US Anconitana,1945,25
Inter,1988,1
SSC Napoli,1988,2
AC Milan,1988,3
Juventus,1988,4
Sampdoria,1988,5
Atalanta,1988,6
ACF Fiorentina,1988,7
AS Roma,1988,8
US Lecce,1988,9
Ascoli Calcio,1988,10
AC Cesena,1988,11
Bologna FC,1988,12
Torino FC,1988,13
Lazio Roma,1988,14
Hellas Verona,1988,15
Pescara Calcio,1988,16
Pisa SC,1988,17
Como Calcio,1988,18
SSC Napoli,1989,1
AC Milan,1989,2
Inter,1989,3
Juventus,1989,4
Sampdoria,1989,5
AS Roma,1989,6
Atalanta,1989,7
Bologna FC,1989,8
Lazio Roma,1989,9
US Lecce,1989,10
AS Bari,1989,11
ACF Fiorentina,1989,12
Genoa CFC,1989,13
AC Cesena,1989,14
Udinese Calcio,1989,15
Hellas Verona,1989,16
US Cremonese,1989,17
Ascoli Calcio,1989,18
Sampdoria,1990,1
AC Milan,1990,2
Inter,1990,3
Genoa CFC,1990,4
Parma AC,1990,5
Torino FC,1990,6
Juventus,1990,7
SSC Napoli,1990,8
AS Roma,1990,9
Atalanta,1990,10
Lazio Roma,1990,11
ACF Fiorentina,1990,12
AS Bari,1990,13
Cagliari Calcio,1990,14
US Lecce,1990,15
Pisa SC,1990,16
AC Cesena,1990,17
Bologna FC,1990,18
AC Milan,1991,1
Juventus,1991,2
Torino FC,1991,3
SSC Napoli,1991,4
AS Roma,1991,5
Sampdoria,1991,6
Parma AC,1991,7
US Foggia,1991,8
Inter,1991,9
Lazio Roma,1991,10
Atalanta,1991,11
ACF Fiorentina,1991,12
Genoa CFC,1991,13
Cagliari Calcio,1991,14
AS Bari,1991,15
Hellas Verona,1991,16
US Cremonese,1991,17
Ascoli Calcio,1991,18
AC Milan,1992,1
Inter,1992,2
Parma AC,1992,3
Juventus,1992,4
Cagliari Calcio,1992,5
Lazio Roma,1992,6
Atalanta,1992,7
Sampdoria,1992,8
Torino FC,1992,9
SSC Napoli,1992,10
US Foggia,1992,11
AS Roma,1992,12
Udinese Calcio,1992,13
Brescia Calcio,1992,14
ACF Fiorentina,1992,15
Genoa CFC,1992,16
Ancona Calcio,1992,17
Pescara Calcio,1992,18
AC Milan,1993,1
Juventus,1993,2
Sampdoria,1993,3
Lazio Roma,1993,4
Parma AC,1993,5
SSC Napoli,1993,6
AS Roma,1993,7
Torino FC,1993,8
US Foggia,1993,9
Cagliari Calcio,1993,10
Inter,1993,11
AC Reggiana,1993,12
US Cremonese,1993,13
Genoa CFC,1993,14
Piacenza Calcio,1993,15
Udinese Calcio,1993,16
Atalanta,1993,17
US Lecce,1993,18
Juventus,1994,1
Parma AC,1994,2
Lazio Roma,1994,3
AC Milan,1994,4
AS Roma,1994,5
Inter,1994,6
SSC Napoli,1994,7
Sampdoria,1994,8
Cagliari Calcio,1994,9
ACF Fiorentina,1994,10
Torino FC,1994,11
AS Bari,1994,12
US Cremonese,1994,13
Genoa CFC,1994,14
Calcio Padova,1994,15
US Foggia,1994,16
AC Reggiana,1994,17
Brescia Calcio,1994,18
AC Milan,1995,1
Juventus,1995,2
Lazio Roma,1995,3
ACF Fiorentina,1995,4
AS Roma,1995,5
Parma AC,1995,6
Inter,1995,7
Sampdoria,1995,8
Vicenza Calcio,1995,9
Cagliari Calcio,1995,10
Udinese Calcio,1995,11
SSC Napoli,1995,12
Atalanta,1995,13
Piacenza Calcio,1995,14
AS Bari,1995,15
Torino FC,1995,16
US Cremonese,1995,17
Calcio Padova,1995,18
Juventus,1996,1
Parma AC,1996,2
Inter,1996,3
Lazio Roma,1996,4
Udinese Calcio,1996,5
Sampdoria,1996,6
Bologna FC,1996,7
Vicenza Calcio,1996,8
ACF Fiorentina,1996,9
Atalanta,1996,10
AC Milan,1996,11
AS Roma,1996,12
SSC Napoli,1996,13
Cagliari Calcio,1996,14
Piacenza Calcio,1996,15
AC Perugia,1996,16
Hellas Verona,1996,17
AC Reggiana,1996,18
Juventus,1997,1
Inter,1997,2
Udinese Calcio,1997,3
AS Roma,1997,4
ACF Fiorentina,1997,5
Parma AC,1997,6
Lazio Roma,1997,7
Bologna FC,1997,8
Sampdoria,1997,9
AC Milan,1997,10
AS Bari,1997,11
Piacenza Calcio,1997,12
Empoli FC,1997,13
Vicenza Calcio,1997,14
Brescia Calcio,1997,15
Atalanta,1997,16
US Lecce,1997,17
SSC Napoli,1997,18
AC Milan,1998,1
Lazio Roma,1998,2
ACF Fiorentina,1998,3
Parma AC,1998,4
AS Roma,1998,5
Juventus,1998,6
Udinese Calcio,1998,7
Inter,1998,8
Bologna FC,1998,9
AS Bari,1998,10
AC Venezia,1998,11
Piacenza Calcio,1998,12
Cagliari Calcio,1998,13
AC Perugia,1998,14
Salernitana Sport,1998,15
Sampdoria,1998,16
Vicenza Calcio,1998,17
Empoli FC,1998,18
Lazio Roma,1999,1
Juventus,1999,2
AC Milan,1999,3
Inter,1999,4
Parma AC,1999,5
AS Roma,1999,6
ACF Fiorentina,1999,7
Udinese Calcio,1999,8
Hellas Verona,1999,9
AC Perugia,1999,10
Reggina Calcio,1999,11
Bologna FC,1999,12
US Lecce,1999,13
AS Bari,1999,14
Torino FC,1999,15
AC Venezia,1999,16
Cagliari Calcio,1999,17
Piacenza Calcio,1999,18
AS Roma,2000,1
Juventus,2000,2
Lazio Roma,2000,3
Parma AC,2000,4
Inter,2000,5
AC Milan,2000,6
Atalanta,2000,7
Brescia Calcio,2000,8
ACF Fiorentina,2000,9
Bologna FC,2000,10
AC Perugia,2000,11
Udinese Calcio,2000,12
US Lecce,2000,13
Reggina Calcio,2000,14
Hellas Verona,2000,15
Vicenza Calcio,2000,16
SSC Napoli,2000,17
AS Bari,2000,18
Juventus,2001,1
AS Roma,2001,2
Inter,2001,3
AC Milan,2001,4
Chievo Verona,2001,5
Lazio Roma,2001,6
Bologna FC,2001,7
AC Perugia,2001,8
Atalanta,2001,9
Parma AC,2001,10
Torino FC,2001,11
Piacenza Calcio,2001,12
Brescia Calcio,2001,13
Udinese Calcio,2001,14
Hellas Verona,2001,15
US Lecce,2001,16
ACF Fiorentina,2001,17
AC Venezia,2001,18
Juventus,2002,1
Inter,2002,2
AC Milan,2002,3
Lazio Roma,2002,4
Parma AC,2002,5
Udinese Calcio,2002,6
Chievo Verona,2002,7
AS Roma,2002,8
Brescia Calcio,2002,9
AC Perugia,2002,10
Bologna FC,2002,11
Empoli FC,2002,12
Atalanta,2002,13
Modena FC,2002,14
Reggina Calcio,2002,15
Piacenza Calcio,2002,16
Como Calcio,2002,17
Torino FC,2002,18
AC Milan,2003,1
AS Roma,2003,2
Juventus,2003,3
Inter,2003,4
Parma AC,2003,5
Lazio Roma,2003,6
Udinese Calcio,2003,7
Sampdoria,2003,8
Chievo Verona,2003,9
US Lecce,2003,10
Brescia Calcio,2003,11
Bologna FC,2003,12
Reggina Calcio,2003,13
AC Siena,2003,14
AC Perugia,2003,15
Modena FC,2003,16
Empoli FC,2003,17
Ancona Calcio,2003,18
Juventus,2014,1
AS Roma,2014,2
Lazio Roma,2014,3
ACF Fiorentina,2014,4
SSC Napoli,2014,5
Genoa CFC,2014,6
Sampdoria,2014,7
Inter,2014,8
Torino FC,2014,9
AC Milan,2014,10
US Palermo,2014,11
Sassuolo Calcio,2014,12
Hellas Verona,2014,13
Chievo Verona,2014,14
Empoli FC,2014,15
Udinese Calcio,2014,16
Atalanta,2014,17
Cagliari Calcio,2014,18
Parma FC,2014,19
AC Cesena,2014,20
Juventus,2015,1
SSC Napoli,2015,2
AS Roma,2015,3
Inter,2015,4
ACF Fiorentina,2015,5
Sassuolo Calcio,2015,6
AC Milan,2015,7
Lazio Roma,2015,8
Chievo Verona,2015,9
Empoli FC,2015,10
Genoa CFC,2015,11
Torino FC,2015,12
Atalanta,2015,13
Bologna FC,2015,14
Sampdoria,2015,15
US Palermo,2015,16
Udinese Calcio,2015,17
Carpi FC,2015,18
Frosinone Calcio,2015,19
Hellas Verona,2015,20
Juventus,2016,1
AS Roma,2016,2
SSC Napoli,2016,3
Atalanta,2016,4
Lazio Roma,2016,5
AC Milan,2016,6
Inter,2016,7
ACF Fiorentina,2016,8
Torino FC,2016,9
Sampdoria,2016,10
Cagliari Calcio,2016,11
Sassuolo Calcio,2016,12
Udinese Calcio,2016,13
Chievo Verona,2016,14
Bologna FC,2016,15
Genoa CFC,2016,16
FC Crotone,2016,17
Empoli FC,2016,18
US Palermo,2016,19
Pescara Calcio,2016,20
Juventus,2017,1
SSC Napoli,2017,2
AS Roma,2017,3
Inter,2017,4
Lazio Roma,2017,5
AC Milan,2017,6
Atalanta,2017,7
ACF Fiorentina,2017,8
Torino FC,2017,9
Sampdoria,2017,10
Sassuolo Calcio,2017,11
Genoa CFC,2017,12
Chievo Verona,2017,13
Udinese Calcio,2017,14
Bologna FC,2017,15
Cagliari Calcio,2017,16
SPAL 1907,2017,17
FC Crotone,2017,18
Hellas Verona,2017,19
Benevento,2017,20
