Program.ID,Broad.Field,Field,Institution.Name,Program.Name,Program.Website,Control,Regional.Code.1.NE.2.MW.3.SA.4.SC.5.W,Program.Size.Quartile,R.Rankings.5th.Percentile,R.Rankings.95th.Percentile,S.Rankings.5th.Percentile,S.Rankings.95th.Percentile,Research.Activity.5th.Percentile,Research.Activity.95th.Percentile,Student.Support.Outcomes.5th.Percentile,Student.Support.Outcomes.95th.Percentile,Diversity.5th.Percentile,Diversity.95th.Percentile,Average.Publications,Average.Citations,Faculty.with.Grants.Pct,Awards.per.Faculty,FirstYrs.Full.Supp.Pct,Avg.Completion.Pct.6Yrs,Median.Time.to.Degree,Academic.Plans.Pct,Collects.Data.,Non.Asian.Min.Fac.Pct,Female.Faculty.Pct,Non.Asian.Min.Stud.Pct,Female.Stud.Pct,Int.Stud.Pct,Ave.Num.Ph.Ds,Pct.Interdisc.Fac,Ave.GRE.Scores,Pct.FirstYrs.Ext.Fellows,Student.Work.Space,Health.Insurance,Num.Student.Activities,Total.Faculty,Num.Allocated.Faculty,Asst.Prof.Pct,Tenured.Faculty.Pct,Num.Core.and.New.Fac,Num.Students,Ave.First.Yr.Enrol,Pct.Stud.RAs,Pct.Stud.TAs,Orientation,Internat.Orientation,Language.Screening,Instruction.in.Writing,Instruction.in.Statistics,Prizes.Awards,Training.Proposal,Graduate.Research.Conf,Training.Academic.Integrity,Active.GSA,Staff.Assigned.GSA,Financial.Support.GSA,Acad.Grievance.Proc,Dispute.Resolution.Proc,Grad.Directors.Coord.Meet,Annual.Review.Doctoral.Students,Training.Teaching,Travel.Support,Student.Activities
20043432,Physical and Mathematical Sciences,Statistics and Probability,BAYLOR UNIVERSITY,Statistical Science,http://www.baylor.edu/statistics,Private,4,2,36,59,36,54,26,53,1,24,49,59,0.75,0.30,50.0,0.77,100.0,61.7,4.00,50.0,1,0,0,17.6,52.2,21.7,3.6,14.3,706,0,1,1,14,7,6.5,0,86.0,6,23,5.80,34.8,47.8,3,1,2,4,,4,3,3,3,1,1,1,2,,3,2,3,3,14
20059073,Physical and Mathematical Sciences,Statistics and Probability,BOSTON UNIVERSITY,Biostatistics,http://sph.bu.edu/index.php/menu-id-388.html?task=view,Private,1,4,47,61,11,28,4,16,31,57,6,29,0.88,3.57,100.0,0,100.0,20.0,5.00,,1,0,59.1,0,76.1,39.1,1.6,16.1,781,40.0,-1,1,9,31,21.73,16.0,3.0,26,46,8.80,65.2,0,1,4,4,4,4,1,4,1,1,4,4,4,1,1,1,1,4,1,9
20037367,Physical and Mathematical Sciences,Statistics and Probability,CARNEGIE MELLON UNIVERSITY,Statistics,http://www.stat.cmu.edu,Private,1,3,11,31,12,25,6,16,33,56,49,59,0.95,1.80,84.0,1.39,100.0,36.4,6.00,,1,0,23.1,0,43.9,36.6,6.6,11.8,786,25.0,1,-1,15,17,13.41,12.0,59.0,15,41,11.20,0,75.6,3,1,1,4,3,1,1,4,4,1,1,1,1,1,1,2,3,1,15
20019327,Physical and Mathematical Sciences,Statistics and Probability,CASE WESTERN RESERVE UNIVERSITY,Statistics,http://stat.case.edu,Private,2,1,12,57,27,46,18,41,61,61,17,45,0.75,1.60,75.7,0,0,26.7,5.69,27.8,-1,0,50.0,0,23.1,76.9,2,77.8,779,5.6,1,-1,17,18,6.03,11.0,72.0,4,13,2.80,0,0,1,1,1,1,4,1,3,3,2,1,1,1,1,1,3,3,1,1,17
20056432,Physical and Mathematical Sciences,Statistics and Probability,COLORADO STATE UNIVERSITY,Statistics,http://www.stat.colostate.edu,Public,5,2,19,43,31,48,17,38,33,55,45,57,0.82,1.18,81.8,0.09,83.3,32.3,5.00,,1,0,9.1,11.8,40.0,43.3,2.6,0,781,0,1,-1,16,11,11,0,82.0,11,30,4.40,37.0,40.7,3,1,2,1,4,3,1,3,2,3,1,1,3,3,1,4,3,3,16
20057910,Physical and Mathematical Sciences,Statistics and Probability,COLUMBIA UNIVERSITY IN THE CITY OF NEW YORK,Statistics,http://www.stat.columbia.edu/,Private,1,2,9,30,9,22,10,26,23,48,6,32,0.88,1.68,100.0,0.16,100.0,80.8,4.50,24.2,-1,7.7,13.3,6.7,38.7,83.9,4.8,7.7,800,0,1,1,18,13,12.02,23.0,46.0,12,31,7.20,0,0,3,3,3,2,2,3,2,1,1,3,1,3,1,1,3,3,3,3,18
20015596,Physical and Mathematical Sciences,Statistics and Probability,CORNELL UNIVERSITY,Biometry,http://www.bscb.cornell.edu/,Private,1,1,8,49,4,18,3,18,12,49,1,3,1.84,2.78,54.8,0.23,100.0,56.7,4.90,56.3,-1,22.2,0,75.0,66.7,44.4,1.2,0,779,0,1,1,17,13,6.34,15.0,62.0,13,9,1.60,22.2,33.3,3,1,1,1,3,3,1,2,4,3,3,3,1,1,3,2,1,3,17
20016168,Physical and Mathematical Sciences,Statistics and Probability,CORNELL UNIVERSITY,Statistics,http://www.stat.cornell.edu/,Private,1,1,7,31,30,48,18,39,3,21,57,61,0.85,1.05,77.2,0.15,100.0,58.1,5.00,56.3,1,11.8,0,0,28.6,42.9,3,0,713,0,1,1,17,17,8.54,6.0,88.0,17,21,4.00,14.3,47.6,3,1,1,1,1,3,1,2,4,3,3,3,1,1,3,2,1,3,17
20030050,Physical and Mathematical Sciences,Statistics and Probability,DUKE UNIVERSITY,Statistics and Decision Sciences,http://www.stat.duke.edu,Private,3,3,10,36,7,19,4,13,19,43,40,56,1.64,1.94,66.1,0.77,88.9,76.0,4.90,,1,0,18.8,0,33.3,60.6,4.2,15.8,792,0,1,1,17,19,14.35,26.0,42.0,16,33,7.80,54.5,27.3,3,1,3,1,3,1,1,3,3,1,4,1,1,1,1,2,1,3,17
20027458,Physical and Mathematical Sciences,Statistics and Probability,FLORIDA STATE UNIVERSITY,Statistics,http://www.stat.fsu.edu,Public,3,4,26,48,32,48,31,51,17,45,7,30,0.71,0.87,58.3,0.08,100.0,38.3,4.50,,1,0,8.3,31.3,46.7,62.2,3,0,794,6.3,1,1,17,12,12,25.0,75.0,12,45,7.80,10.3,79.5,3,3,3,1,2,1,1,4,1,3,1,1,3,1,1,3,3,3,17
20019521,Physical and Mathematical Sciences,Statistics and Probability,GEORGE WASHINGTON UNIVERSITY,Statistics,http://www.gwu.edu/~stat/phd.htm,Private,3,1,28,53,49,58,36,49,38,58,37,56,0.88,0.60,36.4,0.55,100.0,30.0,5.60,0,1,0,9.1,0,26.3,73.7,1.6,0,789,0,-1,1,15,11,11,9.0,91.0,11,19,4.80,0,57.1,3,1,1,1,4,3,3,2,4,2,4,2,1,3,3,3,2,3,15
20066464,Physical and Mathematical Sciences,Statistics and Probability,HARVARD UNIVERSITY,Statistics,http://www.stat.harvard.edu,Private,1,2,2,5,2,3,2,2,8,34,20,44,1.61,5.94,80.8,1.15,100.0,65.3,5.00,30.5,1,10.0,20.0,16.7,25.0,67.9,3.4,28.6,800,0,1,1,16,14,9.58,29.0,14.0,10,28,5.40,0,0,3,1,3,1,4,1,1,3,4,3,1,3,1,3,1,3,3,3,16
20016731,Physical and Mathematical Sciences,Statistics and Probability,IOWA STATE UNIVERSITY,Statistics,http://www.stat.iastate.edu,Public,2,4,2,9,7,17,15,36,6,31,20,44,1.01,1.30,74.7,0.03,95.5,50.8,5.80,56.5,1,5.9,26.5,3.0,47.6,56.1,15,10.5,778,60.0,1,1,17,38,31.59,21.0,71.0,34,82,15.40,48.2,21.2,3,3,3,1,2,3,4,2,1,3,3,3,3,3,3,2,3,3,17
20056458,Physical and Mathematical Sciences,Statistics and Probability,JOHNS HOPKINS UNIVERSITY,Applied Mathematics & Statistics,http://www.ams.jhu.edu,Private,3,3,4,34,24,42,11,24,59,60,35,53,0.77,2.59,77.6,0.39,41.7,29.9,6.00,40.7,-1,8.3,8.3,0,37.1,62.9,2.6,0,789,8.3,1,1,18,13,12.68,0,77.0,13,35,7.60,6.9,48.3,1,1,1,1,3,1,1,2,1,1,1,3,1,3,1,2,3,2,18
20028732,Physical and Mathematical Sciences,Statistics and Probability,KANSAS STATE UNIVERSITY,Statistics,http://www.k-state.edu/stats/,Public,2,1,34,59,53,60,56,58,21,53,11,39,0.46,0.46,19.1,0,75.0,75.0,5.00,55.6,-1,0,25.0,0,38.1,81.0,2.8,0,729,0,1,1,15,12,10.93,17.0,67.0,12,21,5.60,14.3,66.7,3,1,3,1,4,1,4,1,4,1,1,1,1,1,1,2,3,2,15
20047247,Physical and Mathematical Sciences,Statistics and Probability,MICHIGAN STATE UNIVERSITY,Statistics,http://www.stt.msu.edu,Public,2,2,21,49,24,40,37,50,14,40,2,11,0.7,0.98,48.3,0.24,85.7,50.8,5.00,43.8,1,8.3,16.0,0,57.7,92.3,3.4,28.6,787,0,1,1,17,35,22.4,23.0,71.0,25,26,6.80,15.4,42.3,3,3,3,1,1,3,1,4,1,1,1,1,3,3,3,3,1,3,17
20041667,Physical and Mathematical Sciences,Statistics and Probability,NORTH CAROLINA STATE UNIVERSITY,Statistics,http://www.stat.ncsu.edu,Public,3,4,3,13,16,27,15,29,27,53,7,33,1.01,2.34,60.2,0.06,88.0,43.0,4.40,20.0,1,7.9,28.6,8.0,56.1,56.1,12.4,16.7,772,0,1,1,17,42,30.94,36.0,62.0,35,114,17.80,14.0,27.2,3,3,3,1,1,3,1,3,3,3,3,3,1,1,3,4,3,3,17
20026941,Physical and Mathematical Sciences,Statistics and Probability,NORTH DAKOTA STATE UNIVERSITY MAIN CAMPUS,Statistics,http://www.ndsu.edu/statistics/,Public,2,1,48,61,61,61,60,61,38,57,27,53,0.09,0.09,0,0,66.7,0,6.00,,1,0,40.0,50.0,50.0,0,1,0,779,5.6,-1,-1,10,5,5,0,40.0,5,9,2.20,16.7,33.3,3,1,3,1,1,4,4,2,4,4,4,4,1,1,3,2,4,4,10
20069092,Physical and Mathematical Sciences,Statistics and Probability,NORTHWESTERN UNIVERSITY,Statistics,http://www.wcas.northwestern.edu/statistics/,Private,2,1,18,48,18,34,24,43,1,11,8,34,0.8,1.48,61.3,0.1,100.0,54.0,3.50,,1,0,27.3,0,50.0,75.0,1.2,0,783,0,1,1,15,11,9.84,36.0,64.0,11,8,2.20,0,62.5,3,3,1,1,4,1,1,1,1,1,1,1,,,3,3,1,3,15
20028839,Physical and Mathematical Sciences,Statistics and Probability,OHIO STATE UNIVERSITY MAIN CAMPUS,Biostatistics,http://www.stat.ohio-state.edu/,Public,2,1,19,54,20,40,17,43,12,43,2,12,0.66,0.51,96.1,0.35,100.0,37.5,5.50,42.3,1,0,26.3,0,58.3,91.7,2,0,798,0,1,1,18,19,2.59,11.0,58.0,19,12,2.00,54.5,27.3,3,1,3,3,3,3,3,1,3,3,1,3,3,3,3,3,3,3,18
20029375,Physical and Mathematical Sciences,Statistics and Probability,OHIO STATE UNIVERSITY MAIN CAMPUS,Statistics,http://www.stat.ohio-state.edu/,Public,2,4,10,37,23,42,14,36,41,57,15,41,0.94,1.07,83.1,0.12,73.3,22.3,5.50,42.3,1,0,23.3,4.0,50.0,62.2,4.6,6.3,778,0,1,1,18,32,26.3,13.0,63.0,30,74,13.00,31.9,47.2,3,1,3,3,3,3,3,1,3,3,1,3,3,3,3,3,3,3,18
20042132,Physical and Mathematical Sciences,Statistics and Probability,OKLAHOMA STATE UNIVERSITY MAIN CAMPUS,Statistics,http://statistics.okstate.edu,Public,4,1,56,61,36,56,17,49,8,51,13,41,1.68,0.78,15.2,0,81.8,55.6,6.00,,1,0,42.9,0,63.6,45.5,1,0,722,0,-1,-1,12,7,6.59,0,86.0,7,11,2.20,0,77.8,3,1,1,4,4,1,2,1,4,3,4,1,1,1,4,4,1,3,12
20018894,Physical and Mathematical Sciences,Statistics and Probability,OREGON STATE UNIVERSITY,Statistics,http://www.stat.oregonstate.edu,Public,5,1,41,58,49,58,44,55,39,58,46,58,0.5,0.85,43.6,0.37,100.0,25.0,4.50,0,1,0,37.5,11.1,38.5,30.8,1.4,20.0,779,0,1,1,14,20,13.64,10.0,55.0,16,13,3.60,40.0,10.0,3,3,3,1,3,3,4,1,2,3,4,4,3,1,4,2,2,3,14
20031790,Physical and Mathematical Sciences,Statistics and Probability,PENN STATE UNIVERSITY,Statistics,http://www.stat.psu.edu/,Public,1,4,8,30,5,14,7,18,14,41,4,21,1.25,2.06,69.3,0.47,93.3,50.5,4.90,34.6,1,4.2,26.9,8.3,50.9,76.4,5.4,39.5,788,5.6,1,1,18,43,21.76,14.0,81.0,26,55,13.00,19.4,47.8,2,1,1,1,1,3,1,1,1,3,3,3,1,1,1,3,1,3,18
20056047,Physical and Mathematical Sciences,Statistics and Probability,PURDUE UNIVERSITY MAIN CAMPUS,Statistics,http://www.stat.purdue.edu,Public,2,4,8,28,10,24,13,32,23,49,11,37,1.21,2.05,52.4,0,75.0,57.6,5.67,41.4,1,7.1,22.7,5.3,46.7,65.0,7.6,15.4,792,37.5,1,1,18,26,19.39,23.0,62.0,22,60,23.60,34.5,52.7,3,1,1,1,3,3,1,3,1,3,1,3,3,3,3,3,3,3,18
20041243,Physical and Mathematical Sciences,Statistics and Probability,RICE UNIVERSITY,Statistics,http://statistics.rice.edu/,Private,4,4,13,47,26,45,28,49,10,36,20,43,0.51,1.33,73.1,0.09,100.0,58.3,5.00,31.3,1,12.5,16.7,29.6,48.9,33.3,4.6,7.7,775,0,1,1,18,26,21.15,4.0,85.0,24,45,9.60,25.0,6.8,3,3,3,3,3,3,2,3,1,3,1,3,1,1,3,2,3,3,18
20012816,Physical and Mathematical Sciences,Statistics and Probability,RUTGERS THE STATE UNIVERSITY OF NEW JERSEY NEW BRUNSWICK CAMPUS,Statistics,http://stat.rutgers.edu,Public,1,3,27,48,23,42,11,28,32,54,11,38,0.81,0.95,86.3,1,100.0,45.6,5.08,,1,5.6,10.5,10.0,42.9,71.4,3.6,0,786,0,-1,1,17,19,17.57,5.0,84.0,19,35,6.25,16.7,40.0,3,1,1,2,3,1,3,4,1,3,2,3,3,3,1,2,3,3,17
20043335,Physical and Mathematical Sciences,Statistics and Probability,SOUTHERN METHODIST UNIVERSITY,Statistical Science,http://www.smu.edu/statistics,Private,4,2,24,53,43,54,38,55,12,39,14,39,0.37,0.50,73.2,0.17,100.0,31.9,4.00,35.7,1,0,40.0,16.7,40.7,55.6,3.8,0,751,0,1,-1,18,10,9.33,40.0,60.0,10,27,7.60,42.3,57.7,3,1,1,2,2,3,2,1,1,1,1,1,1,1,2,2,1,3,18
20052902,Physical and Mathematical Sciences,Statistics and Probability,STANFORD UNIVERSITY,Statistics,http://www-stat.stanford.edu,Private,5,4,1,1,1,1,1,1,3,17,48,59,2.25,6.54,95.5,4.26,90.9,85.2,4.70,48.7,1,0,5.3,5.9,30.4,54.3,9.6,27.6,800,27.3,1,1,18,29,18.9,3.0,79.0,21,46,10.60,21.7,0,2,1,1,2,2,1,2,2,2,2,2,1,1,1,1,2,1,1,18
20042420,Physical and Mathematical Sciences,Statistics and Probability,TEMPLE UNIVERSITY,Statistics,http://www.sbm.temple.edu/dept/statistics/graduate.html,Public,1,4,37,57,59,60,57,59,42,58,27,50,0.4,0.42,20.6,0,100.0,14.7,6.50,,1,0,0,0,52.0,61.2,3.8,18.8,767,0,-1,1,10,16,14.08,6.0,94.0,13,50,10.60,3.7,33.3,1,1,1,4,4,4,4,4,1,4,4,1,1,1,1,4,1,1,10
20022084,Physical and Mathematical Sciences,Statistics and Probability,TEXAS A & M UNIVERSITY,Statistics,http://www.stat.tamu.edu,Public,4,3,5,27,31,47,34,51,11,36,22,46,0.74,0.73,53.8,0.19,100.0,65.7,5.00,26.5,1,0,18.8,0,38.1,71.4,10.4,0,770,0,1,1,16,32,23.08,22.0,75.0,32,42,10.00,43.2,32.4,3,1,1,4,4,1,1,1,3,3,3,3,3,3,3,2,3,3,16
20061252,Physical and Mathematical Sciences,Statistics and Probability,UNIVERSITY OF CALIFORNIA-BERKELEY,Statistics,http://www.stat.berkeley.edu/,Public,5,4,2,7,4,9,3,7,21,50,52,60,1.61,2.01,93.9,0.68,100.0,38.2,5.30,25.0,1,0,14.3,0,23.4,55.3,6.8,27.6,800,22.2,1,1,18,29,16.96,24.0,76.0,21,47,8.00,0,0,3,1,3,1,1,3,1,1,1,3,1,3,1,3,1,3,3,3,18
20067463,Physical and Mathematical Sciences,Statistics and Probability,UNIVERSITY OF CALIFORNIA-DAVIS,Statistics,http://www.stat.ucdavis.edu/,Public,5,2,15,43,12,24,25,44,6,28,2,11,0.83,1.52,52.2,0.19,100.0,49.2,4.48,42.9,1,8.7,29.2,12.5,64.5,67.7,5.4,33.3,799,0,1,1,18,36,20.94,14.0,67.0,24,31,8.80,10.3,20.7,1,1,1,1,1,1,1,1,1,1,1,1,1,1,1,1,1,1,18
20053626,Physical and Mathematical Sciences,Statistics and Probability,UNIVERSITY OF CALIFORNIA-LOS ANGELES,Statistics,http://www.stat.ucla.edu/,Public,5,3,11,30,9,22,9,22,16,44,44,58,1.07,2.29,74.2,0.35,100.0,30.7,4.33,33.3,1,0,14.3,0,40.5,50.0,2.4,36.4,788,15.4,1,1,16,22,15.15,9.0,91.0,14,42,5.80,6.4,0,1,1,1,3,3,1,2,4,1,1,4,1,1,1,2,2,2,1,16
20048712,Physical and Mathematical Sciences,Statistics and Probability,UNIVERSITY OF CALIFORNIA-RIVERSIDE,Applied Statistics,http://statistics.ucr.edu,Public,5,2,45,58,51,59,49,57,36,53,9,31,0.7,0.44,28.6,0,75.0,56.7,5.00,,1,0,40.0,30.0,35.5,58.1,2.6,0,777,0,1,1,15,10,10,40.0,60.0,10,31,7.60,0,40.0,1,1,1,,,1,1,1,,1,1,1,1,1,1,1,1,1,15
20070434,Physical and Mathematical Sciences,Statistics and Probability,UNIVERSITY OF CALIFORNIA-SANTA BARBARA,Statistics & Applied Probability,http://www.pstat.ucsb.edu,Public,5,3,31,57,48,58,46,55,46,58,46,58,0.76,0.66,38.1,0,62.5,39.0,5.20,,1,0,18.2,18.8,28.6,42.9,3.2,14.3,776,0,-1,1,18,14,11.06,14.0,79.0,12,35,7.40,2.9,37.1,3,3,3,1,1,3,1,1,3,3,1,3,1,1,3,2,3,3,18
20014649,Physical and Mathematical Sciences,Statistics and Probability,UNIVERSITY OF CHICAGO,Statistics,http://galton.uchicago.edu,Private,2,3,4,16,4,9,5,15,5,26,18,43,0.95,2.33,91.0,0.93,100.0,47.1,4.75,52.4,1,0,6.7,9.1,48.6,65.7,5,46.4,798,0,1,1,15,28,16.79,14.0,75.0,15,35,6.60,8.8,55.9,3,1,2,1,3,1,3,4,4,1,1,4,1,1,2,2,3,2,15
20024354,Physical and Mathematical Sciences,Statistics and Probability,UNIVERSITY OF CONNECTICUT,Statistics PhD,http://www.stat.uconn.edu/www/academics/graduates/index.html,Public,1,2,29,48,24,39,29,45,14,39,32,52,1.08,0.72,47.3,0.01,100.0,43.6,4.30,,1,0,16.7,0,32.3,71.0,3,33.3,790,16.7,-1,1,16,18,12.04,11.0,72.0,12,31,8.00,0,53.8,3,1,1,4,2,2,2,3,3,1,4,1,1,1,3,3,3,3,16
20013491,Physical and Mathematical Sciences,Statistics and Probability,UNIVERSITY OF FLORIDA,Statistics,http://www.stat.ufl.edu/,Public,3,4,12,40,12,23,21,35,1,15,1,5,1.32,1.07,44.4,0.05,100.0,60.8,5.00,64.7,1,0,16.7,50.0,43.1,86.3,5.2,10.0,792,0,-1,1,15,20,19,25.0,65.0,18,51,13.40,13.7,49.0,3,1,1,1,2,3,4,1,4,1,1,1,1,1,1,4,1,3,15
20020002,Physical and Mathematical Sciences,Statistics and Probability,UNIVERSITY OF GEORGIA,Statistics,http://www.stat.uga.edu,Public,3,2,15,43,21,36,21,41,17,48,10,39,1.09,0.95,27.5,1.02,100.0,33.2,4.63,29.4,1,0,29.4,0,45.2,74.2,4,22.7,786,0,1,1,18,22,16.5,23.0,68.0,17,31,8.20,20.0,66.7,3,1,1,1,3,3,1,1,1,3,3,3,1,1,1,3,3,3,18
20039349,Physical and Mathematical Sciences,Statistics and Probability,UNIVERSITY OF ILLINOIS AT URBANA-CHAMPAIGN,Statistics,http://www.stat.uiuc.edu,Public,2,1,20,49,26,44,27,47,9,43,5,25,0.65,1.53,64.1,0,100.0,38.0,5.16,41.7,1,0,11.1,0,58.8,82.4,2.4,10.0,790,0,1,1,14,20,14.14,40.0,50.0,18,17,1.60,35.3,35.3,2,3,3,1,3,3,4,2,2,4,4,4,1,3,3,2,3,3,14
20020358,Physical and Mathematical Sciences,Statistics and Probability,UNIVERSITY OF IOWA,Statistics,http://www.stat.uiowa.edu,Public,2,2,13,33,39,50,39,51,31,56,6,35,0.63,1.32,40.2,0.31,100.0,27.0,6.70,28.6,1,0,14.3,0,38.7,93.5,2.4,8.7,797,0,1,1,18,23,15.9,17.0,83.0,21,31,5.80,14.3,46.4,3,1,1,1,2,3,1,1,1,3,1,3,1,1,1,2,3,3,18
20028457,Physical and Mathematical Sciences,Statistics and Probability,UNIVERSITY OF KENTUCKY,Statistics,http://www.ms.uky.edu/~statinfo/,Public,4,1,23,57,18,34,21,43,19,48,17,44,0.79,1.01,75.0,0.06,100.0,39.1,4.73,,1,0,7.7,0,61.9,57.1,3.6,60.6,769,0,1,1,17,33,14.86,12.0,82.0,13,21,6.00,47.4,26.3,3,1,1,1,4,3,3,3,3,3,1,1,1,1,1,1,1,3,17
20036478,Physical and Mathematical Sciences,Statistics and Probability,UNIVERSITY OF MARYLAND BALTIMORE COUNTY,Statistics,http://www.math.umbc.edu,Public,3,1,36,55,48,58,43,55,48,58,32,52,0.41,0.45,66.7,0.13,100.0,50.0,4.00,0,-1,0,0,16.7,30.0,65.0,3.2,0,784,0,-1,1,16,8,8,38.0,63.0,8,20,7.20,20.0,80.0,3,1,3,4,4,2,3,1,1,3,1,1,1,1,1,3,3,1,16
20050344,Physical and Mathematical Sciences,Statistics and Probability,UNIVERSITY OF MARYLAND COLLEGE PARK,Mathematical Statistics,http://www.stat.umd.edu/,Public,3,3,38,57,48,57,39,52,59,60,8,32,1,0.34,39.6,0.02,60.0,6.7,7.00,,1,0,12.5,14.3,42.4,78.8,1.6,33.3,785,0,-1,1,16,12,6.47,8.0,92.0,8,33,8.60,3.8,69.2,3,3,3,1,4,3,4,3,1,3,1,1,3,3,1,2,3,3,16
20035835,Physical and Mathematical Sciences,Statistics and Probability,UNIVERSITY OF MICHIGAN-ANN ARBOR,Statistics,http://www.stat.lsa.umich.edu,Public,2,3,3,11,4,12,5,17,15,45,13,39,1.3,1.93,86.0,0.4,100.0,44.5,7.00,44.0,1,14.3,15.8,18.8,35.7,61.9,4.6,53.7,793,0,1,1,18,41,15.82,27.0,73.0,19,42,10.60,24.3,62.2,3,3,3,1,1,3,1,3,1,3,3,3,1,1,1,2,3,3,18
20040273,Physical and Mathematical Sciences,Statistics and Probability,UNIVERSITY OF MINNESOTA-TWIN CITIES,Statistics,http://www.stat.umn.edu,Public,2,4,14,39,32,47,17,38,44,57,24,47,0.98,1.44,64.1,0.11,71.4,42.6,5.70,29.2,1,0,10.5,11.1,35.8,66.0,5.2,0,780,0,-1,1,15,19,18.73,11.0,79.0,19,53,8.80,11.4,61.4,3,1,1,1,2,3,4,4,3,1,4,1,1,3,1,3,1,2,15
20025612,Physical and Mathematical Sciences,Statistics and Probability,UNIVERSITY OF MISSOURI - COLUMBIA,Statistics,http://www.stat.missouri.edu/,Public,2,2,28,53,28,45,46,56,1,8,6,25,0.3,1.04,58.6,0,100.0,69.3,3.90,66.7,1,0,31.3,22.2,43.3,66.7,4,0,779,0,-1,1,16,16,15.5,6.0,44.0,16,30,8.60,30.0,63.3,3,1,1,4,4,3,1,1,1,3,3,3,1,1,1,3,3,3,16
20015321,Physical and Mathematical Sciences,Statistics and Probability,UNIVERSITY OF NEW MEXICO MAIN CAMPUS,Statistics,http://www.stat.unm.edu,Public,5,2,30,53,19,36,21,47,3,21,10,33,0.83,0.64,77.6,0,100.0,95.0,6.00,38.5,1,20.0,20.0,12.5,37.5,66.7,2.8,16.7,779,0,-1,1,18,6,4.97,17.0,67.0,5,24,6.00,17.4,52.2,3,3,1,1,1,3,1,1,1,3,3,1,1,1,3,2,3,1,18
20045595,Physical and Mathematical Sciences,Statistics and Probability,UNIVERSITY OF NORTH CAROLINA AT CHAPEL HILL,Statistics,http://www.stat-or.unc.edu,Public,3,3,6,20,5,14,12,27,7,28,39,57,0.96,2.05,79.2,0.05,100.0,72.3,5.00,33.3,1,0,0,0,30.6,72.2,4.6,67.5,800,0,1,1,18,40,16.75,25.0,68.0,13,36,7.60,13.9,63.9,3,3,3,1,1,3,1,1,1,3,1,1,3,1,3,3,3,1,18
20036711,Physical and Mathematical Sciences,Statistics and Probability,UNIVERSITY OF PENNSYLVANIA,Biomedical Graduate Studies-Biostatistics and Epidemiology,http://www.cceb.upenn.edu/education/bio-degree/bio-phd.php,Private,1,2,14,37,10,24,6,18,37,55,43,57,0.8,2.88,98.8,0.38,75.0,33.3,4.30,27.8,1,4.2,32.0,0,43.3,40.0,2.8,19.4,785,28.6,1,1,18,31,26.27,35.0,58.0,25,30,6.60,0,0,3,1,1,1,3,3,1,1,1,1,1,1,1,1,1,1,1,3,18
20037147,Physical and Mathematical Sciences,Statistics and Probability,UNIVERSITY OF PENNSYLVANIA,Statistics-Wharton,http://www.wharton.upenn.edu/doctoral/programs/statistics/,Private,1,2,7,18,12,24,17,36,5,24,60,61,0.88,2.03,62.6,0.06,100.0,88.3,5.00,27.8,1,0,5.6,0,12.5,54.5,4.2,48.6,796,0,1,1,18,35,20.14,17.0,71.0,18,24,5.60,0,0,3,3,3,1,2,2,3,3,1,3,3,3,3,3,3,2,1,3,18
20069416,Physical and Mathematical Sciences,Statistics and Probability,UNIVERSITY OF ROCHESTER,Statistics,http://www.urmc.rochester.edu/smd/biostat/,Private,1,1,20,53,17,38,18,46,1,10,32,53,0.45,1.26,100.0,0,100.0,59.7,5.50,85.7,1,0,20.0,0,58.3,41.7,1.6,4.8,754,0,1,1,16,21,20.5,43.0,29.0,20,12,2.80,0,0,3,1,1,1,4,1,2,4,1,1,1,1,1,1,1,2,1,2,16
20067942,Physical and Mathematical Sciences,Statistics and Probability,UNIVERSITY OF SOUTH CAROLINA COLUMBIA,Statistics,http://www.stat.sc.edu/curricula/grad/,Public,3,2,30,52,47,56,51,56,5,31,14,42,0.43,0.43,45.5,0.18,100.0,66.7,5.00,36.8,1,10.0,27.3,0,40.0,68.0,2.8,0,757,0,1,1,18,11,11,45.0,55.0,11,25,5.80,43.5,47.8,3,1,3,1,2,3,3,3,1,3,3,3,1,1,2,2,3,3,18
20070081,Physical and Mathematical Sciences,Statistics and Probability,UNIVERSITY OF TENNESSEE,Statistics and Management Science,http://bus.utk.edu/soms,Public,4,1,43,59,50,59,60,61,2,30,47,59,0.06,0.35,0,0,100.0,75.0,4.00,,1,0,20.0,0,35.0,50.0,2,44.4,779,0,1,1,17,18,11.78,11.0,78.0,10,20,4.80,0,83.3,3,3,3,3,2,3,3,3,4,1,1,1,3,3,3,3,3,3,17
20023397,Physical and Mathematical Sciences,Statistics and Probability,UNIVERSITY OF VIRGINIA,Statistics,http://www.stat.virginia.edu,Public,3,1,38,59,27,46,22,40,32,57,3,16,1.01,1.27,52.0,0.2,100.0,54.2,5.00,,-1,0,14.3,0,66.7,83.3,1.6,0,781,0,1,1,14,7,6.25,43.0,43.0,7,6,4.00,0,0,3,1,1,1,4,1,2,4,4,1,4,1,1,3,1,3,3,1,14
20060020,Physical and Mathematical Sciences,Statistics and Probability,UNIVERSITY OF WASHINGTON,Statistics,http://www.stat.washington.edu,Public,5,3,10,33,2,4,3,6,2,17,24,46,1.4,4.22,90.1,0.11,100.0,83.0,5.00,42.3,1,0,23.3,5.9,50.0,52.6,3.8,38.8,798,30.0,1,1,16,49,22.25,8.0,57.0,30,38,9.20,61.1,16.7,3,3,1,1,1,3,1,3,1,3,4,4,1,1,3,2,1,3,16
20031088,Physical and Mathematical Sciences,Statistics and Probability,UNIVERSITY OF WISCONSIN-MADISON,Statistics,http://www.stat.wisc.edu,Public,2,4,3,19,5,15,3,11,22,48,7,32,1.52,1.43,91.0,0.86,87.5,53.3,5.67,31.8,1,0,18.2,14.3,34.5,83.1,9.2,0,800,0,-1,1,18,22,18.04,14.0,,22,84,18.00,36.6,35.4,3,3,3,1,3,1,3,1,1,1,1,1,3,1,1,2,1,1,18
20044758,Physical and Mathematical Sciences,Statistics and Probability,VIRGINIA POLYTECHNIC INSTITUTE AND STATE UNIVERSITY,Statistics,http://www.stat.vt.edu/,Public,3,2,35,58,31,46,33,50,14,41,14,41,0.69,1.34,52.6,0.06,85.7,73.3,4.00,,1,0,17.6,0,60.0,60.0,5.6,22.7,760,0,1,1,18,22,15.91,18.0,73.0,17,30,8.40,19.2,53.8,3,3,3,3,3,3,2,3,2,3,3,1,1,3,3,3,3,3,18
20044208,Physical and Mathematical Sciences,Statistics and Probability,WESTERN MICHIGAN UNIVERSITY,Statistics,http://www.stat.wmich.edu,Public,2,1,51,61,49,58,58,59,7,39,3,17,0.34,0.76,1.3,0,100.0,48.3,5.57,,1,0,14.3,0,60.0,86.7,3.2,46.2,737,5.6,-1,1,18,13,9.35,0,100.0,7,15,3.40,0,75.0,3,1,1,1,3,3,1,3,1,1,1,1,1,1,3,3,3,1,18
20063810,Physical and Mathematical Sciences,Statistics and Probability,YALE UNIVERSITY,Statistics,http://www.stat.yale.edu/,Private,1,1,20,48,31,45,48,55,5,38,11,37,0.31,2.01,36.4,0.04,100.0,73.3,5.50,33.3,1,0,11.1,25.0,35.7,71.4,2.6,25.0,795,0,1,1,18,12,9.29,33.0,50.0,9,14,3.20,0,0,1,1,1,1,3,3,1,1,1,1,1,1,1,3,3,3,1,3,18
ublic,2,1,51,61,49,58,58,59,7,39,3,17,0.34,0.76,1.3,0,100.0,48.3,5.57,,1,0,14.3,0,60.0,86.7,3.2,46.2,737,5.6,-1,1,18,13,9.35,0,100.0,7,15,3.40,0,75.0,3,1,1,1,3,3,1,3,1,1,1,1,1,1,3,3,3,1,18
20063810,Physical and Mathematical Sciences,