Q1,Q2
black,White and gold?
green,Black and blue?
black,Black and blue?
red,Black and blue?
blue,White and gold?
blue,Black and blue?
black,Black and blue?
black,Black and blue?
black,Black and blue?
black,Black and blue?
red,Black and blue?
green,White and gold?
blue,Black and blue?
green,Black and blue?
blue,Black and blue?
black,Black and blue?
white,White and gold?
red,White and gold?
black,Black and blue?
black,White and gold?
black,Black and blue?
blue,White and gold?
black,Black and blue?
blue,Black and blue?
black,White and gold?
black,White and gold?
white,Black and blue?
black,White and gold?
black,Black and blue?
black,White and gold?
red,White and gold?
black,Black and blue?
blue,White and gold?
black,White and gold?
white,White and gold?
white,White and gold?
red,Black and blue?
red,White and gold?
black,Black and blue?
white,White and gold?
black,White and gold?
black,White and gold?
white,Black and blue?
black,Black and blue?
black,White and gold?
black,White and gold?
black,Black and blue?
white,White and gold?
black,Black and blue?
blue,White and gold?
black,Black and blue?
green,Black and blue?
blue,Black and blue?
black,Black and blue?
blue,White and gold?
NA,NA
